AUC_Baseline,AUC_Sustainable,KL_Baseline,KL_Sustainable
127.6674644033442,1013.4687475180691,0.05482164089003534,0.538413547284877
142.0642282012363,918.8819330145582,0.049573464897794184,0.4685671445059153
177.61192328359752,1225.360113716308,0.004145537154479892,0.6442894674579046
153.1130072735011,1127.6581580829634,0.023244573564608906,0.5998749047271341
86.7671842888015,487.81845247888504,0.04915594527501781,0.44319592685202214
235.0382252828567,1414.7327626232411,0.8398710405717478,0.21222616799649158
126.18724588970456,973.204745342115,0.746775206909631,0.1987372420892599
91.15828756428543,673.6423159931716,1.3632235159108743,0.06975200682899799
204.75473311727637,1376.5229977773995,1.2192529374146364,0.08923193191222295
180.07501294287275,1251.797484601023,1.0585410120535454,0.1848126673884264
102.68291223551,649.7942364384646,0.7511846187836512,0.17413821048106282
242.42557208909525,1468.3759236734177,1.348386980173394,0.24029977830456442
204.18009664839576,1315.3882071161122,0.09626976718904132,0.41171957127838565
193.28921763257006,1204.1894551456269,0.04498647136254995,0.6505545587920419
307.02536356367506,1590.7207195742756,1.1114711814114413,0.10348824536498408
170.56438360437295,1195.0092665781867,1.0510836145350742,0.11111173524704941
133.82079882335844,1105.2949472165933,0.9529557623007184,0.1882385892747628
102.14908971523295,856.1387352316036,1.0911568597903671,0.07988876777159458
195.60450727296748,1283.2333551050183,0.023059224184028282,0.5624149948377567
145.91215464214247,1216.8458392200314,0.09464557387910422,0.22532575857926734
146.32657220984066,973.036293613219,0.05407594441568128,0.41581508654318855
112.5246140193718,873.1496312023578,0.016371901986655876,0.6313733290948755
158.44083237922155,1090.4168977070183,0.040135513459978345,0.37436014273006946
128.36627971194002,997.3214285751833,0.8725636265533415,0.20458958202155772
105.50786410981311,792.6771110064406,0.8509717940277701,0.07912027310946006
76.95377974596096,641.5072269838132,0.9988511212737048,0.2163877805716355
237.35594618635187,1338.06204961654,1.0389606653977494,0.25079203043194015
36.31434638407071,118.12552200078015,1.3777199084819052,0.12394680306555787
170.61858877127312,1244.4800390737869,0.9396921170509448,0.10638888036371084
99.37660967748045,617.2128716066337,0.02186376277484968,0.6480167119566268
196.31118227626172,1397.5108075585688,1.2723075523036949,0.08982828743696727
120.32099658578173,869.2406814953956,0.02033380234220393,0.40919020135249806
207.79459346931114,1306.1414573563638,0.05188541178335833,0.5963017059923378
116.72630997575772,871.8151586859598,0.6709545510616713,0.27034194155725577
168.9020028820542,1083.931318954648,1.0655878426708805,0.10815045395518484
209.4703740357511,1270.3519758885147,1.057796922818929,0.22337097027344058
104.21490368379335,776.8372683965733,1.1495800735355177,0.23104642839167727
227.21893106344643,1411.638795197811,1.015233254874405,0.23415830985846686
77.54007653261341,425.63061611500586,0.17552495377025826,0.579629466336743
166.92182448271572,1165.6146099785374,0.6811550246423422,0.224933392568911
244.30025386833285,1399.3420641605703,1.046797942220772,0.035270740244708124
172.0803423891715,1217.216155116968,0.09206513255632823,0.6737374594168244
283.1760996533747,1551.6463104076872,0.7899894436206617,0.20483011766898593
104.82976023892371,917.9945293851089,1.0959869026149627,0.19635506494456972
98.37226805172415,844.0090012674908,1.7171730170233588,0.24772884734021505
114.53302525815825,869.5740176760299,1.0603017800597028,0.2074164882788911
209.83490092337013,1285.152436066304,1.214397553885487,0.12478906715130215
176.0207779941618,1182.717800325198,0.736374028241759,0.1965188530579734
173.72215383950098,1161.7908707481085,0.8370213738929575,0.2683860379280972
77.10390356488189,543.4725971567685,1.271401178706555,0.15969195919166562
253.34011376600358,1371.8985860861483,0.862334063739356,0.26093756349351405
88.38165012355122,689.5165607636604,1.188635466112734,0.1351765478197238
230.05704175664158,1419.873086130466,0.7974213582129982,0.14544132029169538
207.59245173666983,1675.9605356994234,1.0441051914423343,0.1755983381486529
209.91413888036513,1260.3380736571119,1.003235054174516,0.18402519127627023
132.64112417938483,1054.5912683781303,0.9793626430757838,0.22589441167190316
120.78013770144385,1022.6549836964723,0.8735587327430407,0.22884809879976156
52.48880358753671,238.1699311302863,0.828422034324453,0.19236279443536686
129.18116219529077,984.6565179638357,0.053737435629239966,0.4440859985450357
75.73753825316936,384.05849949275535,0.8302487615851358,0.1778745113935734
75.0288684811445,782.5293688503451,0.036494722044764435,0.634580050721004
204.08104812210627,1449.702917478394,0.954639782523008,0.218886413456465
176.764173912453,1166.2540928645087,0.7630176761169125,0.06982373474982145
148.7422510115275,1140.4141327156117,0.07843137216172905,0.4057170794186147
139.42058299532704,1050.2961337839984,0.0026178314463087965,0.3739087668828923
152.5983235390358,1061.1375089768,0.03785673281207952,0.6342211849145215
248.81088174074392,1369.1174391747784,0.9065327376969259,0.24679155460403948
155.68715380465403,1135.799778927909,0.03657292376465855,0.41215536015179066
148.7801222110338,1116.4977244524023,1.0518464210680203,0.14580544832897657
143.5135240882595,1051.9740246251074,1.1228583477023883,0.1000818274786227
144.06965949623665,1003.4198304766354,1.1226437893793901,0.1723746954898218
94.99352377070214,554.462355635943,0.01781099581828685,0.25616613239524566
72.78001947446022,252.58765864462336,0.9401529617028533,0.21743791077143318
166.8727136711656,1095.608403212554,0.11871565178014926,0.6288897177416669
166.14144440247324,1179.9778009661086,1.0659127435762317,0.11551639830401722
88.53229155204724,511.25009959624646,0.019188438897670385,0.4073517779542089
131.01995551758387,1078.9294020028217,0.0003235000227748107,0.4889094208555495
78.5489531814972,199.67102071132507,0.04686921409709434,0.519579560849933
56.3058525059997,306.8259491863313,0.5123533347582245,0.191666820056418
81.27038956885055,343.6650904874178,0.9197224297635371,0.1268746696427298
181.19597969354328,1267.3377692568042,0.8506740643168273,0.11142158506752435
179.33029359112936,1215.7183867466072,0.846376993301011,0.11471062692848374
91.55824519385271,363.13430308187253,1.3394543214891608,0.11368379421218908
138.5562051876022,1108.9596836906123,0.9036945886500429,0.06562721702753813
211.59743858336932,1376.778813720125,0.8393111755990393,0.24239503788415523
208.13650497944462,1410.201530041844,1.1059619283171531,0.2256536968701462
162.74936015755063,1138.4414067618816,1.0608569991553496,0.11584097071488393
157.53445338081963,1086.2749499130575,0.007243331591463918,0.6408388884151932
104.33958584106166,818.750433014412,0.9250901053767332,0.11515942771525524
175.32004178396474,1231.8309630476501,0.07884122383427072,0.6041382094807363
162.04516078956541,1181.2822834271024,0.007878095279383268,0.6393264395637488
203.0152193133542,1264.7649433776621,0.8989606505974932,0.24454706286162348
146.61870830675326,1073.714577260281,0.019689330501926325,0.6638346283753511
191.24546325197397,1321.9295591896619,0.8450632757611991,0.21023753527544065
163.25239791821372,1113.6590058466988,0.9743253215967685,3.6470359492015763
157.58281389287941,1276.522157732791,0.8053890442296845,0.19114110672236528
143.8152984593425,1054.4184142771437,1.0380776746677083,0.24966845413035427
106.60467931506113,537.9921108515288,1.428661717543203,0.16475340828462434
44.47803209515715,172.46983630114363,0.6958984242148004,0.09705684065062174
203.85796382308024,1435.0667056912587,0.023296592708515432,0.6603496615489877
167.11192603212814,1040.957945778288,0.9950034759807712,0.27154669328897624
52.633099201427186,307.24973213942894,0.07223491623155173,0.6698096631909596
96.22335351760444,688.9748996146052,0.07896017652820711,0.6879600650947943
170.8983674430582,1299.6345580541354,1.0731345574611941,0.13457169546833941
148.34461011569442,1076.8365620408345,1.0432531726379919,0.24260653598278872
114.49181570123613,1041.9985481767565,0.021167756086948514,0.6264171849327456
284.5136722019361,1541.517042618572,1.2385532513586093,0.07365668006053785
102.65650839589907,739.1888948546114,0.653812962687721,0.19821332353118515
80.77880754018703,537.4800083571195,1.0865661450558188,0.09160043740226015
143.64697520504598,1089.8386700913065,5.250335758697801e-05,0.5407412009949577
147.13917701703065,978.9930963515354,1.004439403764534,0.13214860334833442
217.62187022684353,1225.0616214008307,0.9012880486843844,0.1190809557500178
233.0210760199499,1418.4844349383866,0.7998796499665429,0.18206209344232616
159.30490002945663,1165.3885151453464,1.0539686357593596,0.13731525099953873
157.26336912716425,1218.454462608582,1.2357917315515452,0.1582044613384226
133.01454466199633,1041.8086291998463,0.07903161208945458,0.6912942729475751
124.32706397601518,912.4492990441144,0.01336953882822138,0.5343338843457461
159.11541684767778,1191.5507503860072,0.9472511494282835,0.1812982152336566
175.6380456844489,1093.7375070543312,1.2681579685559334,0.12392197434044
239.97700303302503,1385.944197775019,1.0443448282971648,0.18440958213270703
182.57838020517028,1198.7166428545004,1.0685631184614404,0.23619679221585352
173.7234901462374,1124.2609852881058,1.136750066484694,0.21385528748191962
117.31993855676976,774.6039069759305,1.0678633846164314,0.2240017489749266
179.48810837461076,1094.426949859229,1.0206602224851484,3.6389027173693824
157.36986077406232,1091.1425507753534,1.2656494947417845,0.1376513373639764
179.3951667804512,1220.324059469289,0.922545010605808,0.2497950246142377
244.7599160686277,1534.546343717592,0.9546216740300052,0.23608742408802125
121.15856633757154,891.0339107680916,1.0157873655357037,0.19729417834676036
187.0993223231355,1232.2257702307443,0.001964754196454987,0.5764163649746106
282.62855613570446,1473.053332679765,0.0036735588890268456,0.6081403657107922
191.07031184128232,1165.1071620971418,0.0511838818581848,0.6813437607411611
316.31732404208486,1786.954840110493,0.055245867545101635,0.5679516911309379
125.11339136943894,1077.6344669762727,0.7040201920843591,0.16282185435310292
119.3553326567051,1086.0244756851582,0.0773937377813019,0.6305109357460769
99.9165686308043,888.5518756875512,0.630332815479069,0.1455036279074573
91.0341746920653,583.8409892195824,0.8479559115914784,0.17348233973171379
168.94449434027499,1168.5617688576517,1.3803063794039605,0.13199411045093973
215.3431580768903,1359.6937665435473,1.0411770010341739,0.22459861712058993
195.4987999366478,1220.110026851016,0.8659111532995214,3.642722123487074
219.22477707610778,1467.5035590930675,1.0030185332704147,0.22924399882390084
97.08801009291464,736.6355351708485,0.0512191476085741,0.5176249127515691
154.89849438586563,1110.464771669807,0.00038834090487551744,0.4247844839145865
422.4881464382326,1918.3056169675688,1.1394448119848564,0.10994687932960959
193.82038129837704,1270.604618553328,0.8248835326948034,0.11052149187867896
120.91831409382397,899.5999701327925,0.04264656597318928,0.4550720943383715
91.46435001751632,665.4726652318523,0.9341008113128009,0.12353539905509313
90.17565947480568,783.3702089372892,0.8973820674055537,0.08893318486220493
209.30743900960405,1389.8519577145187,0.6435127257879432,0.07221833922870444
101.31377223817087,904.5218444673524,1.2594477019684471,0.19308476372896421
142.78186250418295,1123.1102345763697,1.059509373594929,0.16442389875825233
134.2359800475952,1116.4868333001284,0.016432617962063925,0.680435586947691
158.25632210473458,1242.6007912292753,0.015321672175613282,0.3798618333531542
112.2850770613926,754.3518603726363,1.1173511371842144,0.10840510182144715
101.63314608608914,685.7977215465692,0.8920523740239047,0.18263953829337803
133.6784151624378,1093.5923486061395,0.019014972350638232,7.533044066867416
182.3988238023332,1251.1484679286036,1.046762075324521,0.1280396002309348
160.7573536198625,1200.7384383525712,0.9869111934708454,0.2498905791629144
84.62639961266918,471.7848328771423,1.2586606304504866,0.14388086550805562
207.79252027514585,1393.729584832681,1.1021210458659239,0.28239253579750867
128.62989759706517,914.1144517314247,1.1533060098669723,0.2079548984843373
142.63016488713586,985.629129175187,0.8696658897200027,0.1736019296319395
104.13715700918974,859.1139343774089,1.004582665155669,0.11697841973970151
242.5190506631404,1438.46151592068,1.159840855859736,0.11684198338770285
208.56213059744502,1290.3534680459115,1.2082764106126749,0.11938655191205241
219.50921078479536,1277.9017381572855,0.9769674211971208,0.20661444076520744
261.4765649921208,1481.4688465054398,0.039240856945287894,0.5892058625777127
239.72386511723158,1609.031503308525,1.0799232696966874,0.17466451544660527
43.73396388590349,112.04943995990354,0.9961879618693332,0.28285474583490955
126.42711414691752,967.0396395169245,0.8853437257688798,0.18305942968736813
135.64235198626008,958.2469117371817,0.0003261672696025786,0.8004196829654184
129.4011135794954,937.1978695764435,1.0098828213973368,0.22976026763889013
108.40147104074288,838.8571299130118,0.05768873505305207,0.46952697504316887
124.2427528200705,1003.6900680915479,1.102148980506098,0.2037775525108741
110.25327566589223,652.7695546857764,0.9396510039910366,0.11999115856286605
179.68087403125236,1167.1127330177871,0.6789298201451158,0.11831272636324454
178.42795650443662,1168.2974672025266,0.9690041945600953,0.09403443787893451
197.79035381782182,1280.711036128038,0.10281289139331579,0.7411865431950538
177.32387814754057,1203.9052159498967,0.026527405133761242,0.6226552741491643
190.8312000231324,1226.6672232249282,0.8354763499496727,0.15159572782068811
129.45467493351188,957.8074357236887,0.026206913331413076,0.45900946116321306
362.17952354219807,1739.7006900479103,1.3110546643001029,0.12996605642613582
146.89332154032795,1191.2019362861593,0.8394497000945026,0.1178767787152731
68.67623639104809,299.892056744375,0.9879692932833668,0.15485162946269837
84.01937531970832,538.298133596187,1.0864992883855504,0.22225179816459964
60.857889168265245,263.1767624918666,0.03284813063586266,0.44712202246213084
184.53094003214318,1170.752607714602,1.133691482878741,0.11713617656972826
147.12116238801946,1097.555265091167,0.7415192718123474,0.1855872480749411
114.91443380862717,942.6600244188411,1.528788830316149,0.06978333725368133
277.87937022721206,1606.9198221709923,0.9000799060512427,0.1889008789577865
167.09230215380373,1272.7316793660846,1.2875878373258958,0.19952774550539043
145.55399427382508,1179.4448905331667,0.7023240186363647,0.11613932869583764
96.16700314177255,553.367719201888,1.224649546120488,0.2443076204781064
86.19210331179654,807.4263140038056,1.1403716157345638,0.03818856469164876
131.30715826863823,1087.8600700179923,0.9467586219115558,0.17578744388432455
109.22790884702361,640.8526141078728,1.5388786528472516,0.16338502349838308
34.241920661439806,113.32809548935822,1.358096970544358,0.10503902004809665
163.2432054816836,1094.0280431151168,0.04119153041422406,0.4377638261734051
168.83047118515566,1142.4709500506972,0.05688639445687682,0.9450188189313751
103.62490313419016,643.7701316996729,0.8149217948733823,0.10956330702898408
124.06669088577382,866.5041651774081,0.01656592940490728,0.37326769682358507
141.75593129307748,1055.0142411792954,1.1474802356177172,0.21541671606095894
133.63397437567215,1112.0415127540862,0.8578251087186151,0.1342876831266611
140.01351175159715,1033.4894910882444,0.002699844835606993,0.6784919775460175
200.2785394236717,1278.5272048088773,0.08782396062884656,0.30014728283018294
221.79438814939016,1468.1720765000143,0.028161221170699913,0.4626820947230004
150.43677472253734,1071.83401772897,0.9725165750482787,0.2435109678640738
137.5482021695298,1049.5737830725277,0.6694704936472357,0.11499431219972406
218.20186794428363,1272.4859809790248,0.7561441707569403,0.15991781734608723
107.25715388028189,938.6743897475452,1.1936535477446761,0.1137144326793149
118.91125340053866,991.938225141017,1.2089197511766434,0.12334868092843894
174.14825438669996,1288.0440656796495,1.225765081539446,0.07780361415689578
238.99078102009008,1384.7719052719444,1.2263088341810682,0.2554557281877586
239.50164202244696,1473.7075766839394,1.2075667657192808,0.15886071982308583
306.11105020198426,1625.9716975213105,1.0147981065919671,0.12164798612032313
135.49895778756783,1004.249366797075,1.1929470302477578,0.22205603511939223
166.57047702971846,1173.279035606974,1.2010560917395625,0.11285964585301375
180.55674593118766,1173.2751304742646,0.9815370948228352,0.12476381883856408
148.70951970035878,1161.4720445949474,0.8962792448788341,0.0690649891487281
130.4081928257729,919.6031669338248,1.1495351819461554,0.08663576735347407
48.60329450565165,194.72045434441583,1.2123152038806881,0.10883082453142266
179.2067081769157,1107.926885081107,0.17196392341871064,0.42283538132837883
88.18604431057837,696.1681671708469,0.8433544031186023,0.21532068568964996
142.5838282237646,1102.9240793558545,0.9377449916813145,0.14766426183095455
86.59308665805247,740.0353324851134,0.5962224528892615,0.10759425413222969
100.04091776733928,789.5117825662659,0.06092983728373921,0.6587747235489332
156.25146353867908,1065.3463360240667,0.014088111553964916,0.6064946846853436
168.2213671170719,1112.8331910536804,0.685137381557037,0.08278729952576153
200.02415821251773,1262.0865118171698,1.0639575658489613,0.19337570994791184
280.34725295032996,1699.1025200499741,0.8430938665654755,0.2401339677348177
152.19076011233153,1166.2188748457618,0.008453586410532808,0.4051822015533161
185.75902044894656,1250.1454703522024,0.8077969774664077,0.20398110397908376
92.68526010051723,766.119769637151,0.8749416747334567,0.08896446149116526
94.71573840207354,735.5193843092864,0.03890829151882037,0.6602379230639268
238.35117951882788,1514.074833671158,0.06492506720661573,0.46572046078403273
103.27257881300574,572.8639652964147,0.8329505823764588,0.10742286132923323
114.79837963706203,914.4383387867783,1.0643622624610525,0.25313134811590365
148.72207929593856,1138.5001340566223,0.7702590140137386,0.2120121614473198
143.02567663215095,1000.8788764704512,0.7672548362511985,0.2236853754051638
85.31421194903724,489.6491314392024,0.8823639258989335,0.1975692805941437
102.48868496697736,695.1143206698542,0.0068747071966726095,0.4685570616294996
183.62161401762822,1284.1952735251173,0.034680123568926816,0.2617087187405924
129.1190744475678,904.6162379179219,0.8891357267516062,0.1256554173425953
61.85120532402895,118.35861216935749,0.7210316551098079,0.1736331985615847
242.00364265264704,1387.884625890719,1.588101263631093,0.23849287046063203
162.89889017549666,1190.6190777951558,1.0539618469326195,0.21653809072537233
117.74527335495682,907.1709459941388,0.01688076167851997,0.4698148586887332
85.73122113777333,684.5145372423287,0.8570325947879356,0.12195538240252117
137.56957642203403,984.6161754301661,1.0214621437093307,0.20530544657716554
147.15979117604678,1118.573995106924,0.7917602390926297,0.17844143401281143
254.43507839630695,1480.4871440868228,1.0649675718071976,0.17705571033309114
75.39512578345187,375.44414864108046,0.9888761730143616,0.10421665213457526
110.55988432356665,687.6811280202726,0.017217921206334266,0.7199807450222421
198.6535574772457,1308.1687284271588,0.017853549328646745,0.6224110182736045
39.19025300591235,139.10195087315455,0.9746277007430786,0.10718458681407722
244.91327443356198,1421.9824719066112,0.0810989028100512,0.43172037888019077
106.44535716034679,559.4899381743126,1.2313733497762114,0.12945087807376077
163.44272419345577,1064.616946579691,0.0003208443453204396,0.40848104901086696
172.00105565952134,1136.5680662272803,1.1192644357249317,0.06868014174306747
148.78822292642423,1229.8144159366518,1.0496389349725308,0.18325656751234348
202.41694333582788,1261.9397921083846,0.03180785036155828,0.5063744920618314
33.11794470781234,78.19200910032009,0.8621460540111394,0.1083652519897245
120.39733344323749,721.8406449607862,0.7333230639647644,0.19085725305103163
148.71244455819186,1133.6076161441863,0.525147496140509,0.2346290585810936
132.97021834636288,1023.4005498134126,0.599092542167554,0.2293778925601336
169.58105959663806,1222.0410514874468,0.8175477112328182,0.20753226236377065
194.14272602856568,1296.748321114247,0.7375251976423598,0.2295660994922157
223.68042853403915,1306.0693764049286,0.06315289077200506,0.630324759226655
137.23222672497022,895.8125176367423,0.9024197848141599,0.191583863096643
56.92506217184124,206.70268658886803,0.861769171072369,0.20963784775807243
105.10498990767991,920.2122752656394,0.9188317904705069,0.1808952140807445
125.49540590716495,1095.399481297515,0.03254378506931349,0.6088969425238081
67.39883442030708,378.3111235736665,1.113733703230821,0.1863492908970213
209.55653771067676,1325.302676746706,0.5968084460429033,0.19983157906797439
208.64773637220907,1341.4251936596565,1.1468001060935844,0.1913403378899176
158.89313639084565,1160.5370644332688,0.8285389424827914,0.27394699177463566
23.782145686154173,53.455362961203164,0.05705311790144876,0.750838578204422
95.24650039796006,688.9628233787199,1.157851241591267,0.13570421766921248
220.58989556602853,1523.769902935209,0.00041783509360879094,0.4131912929964021
116.4598577859201,994.2718448055837,1.1146469916890118,0.10067534661805469
65.87101001027243,205.6028339232609,1.0067197771313472,0.1300667974146422
189.9075093131045,1391.5997753015188,0.7208171422696693,0.18496755693378641
185.19138283435396,1160.5472028558606,1.4630862151681654,0.21436989123639588
282.03981810703044,1491.5706402894225,0.8228396803368911,0.19511327995244643
147.51044974402615,1198.5815576710725,0.4293675840371731,0.1910537097733789
176.22657454133127,1254.78699330504,1.3053632246087277,0.12372985004347202
169.58060366794766,1237.2373930825527,0.9681579653432019,0.09979391940469208
223.0992705068881,1359.380303399117,0.7153542309876567,0.19753443888224193
313.05386323464336,1678.2691446814813,0.9837521049143143,0.0769645139610015
145.85693701078503,1176.299121927796,0.9980626530911068,0.11739311921820406
63.20227044391395,222.0098822167241,1.5066045453313777,0.09835400595469342
202.2685681763,1270.2203370772597,0.7945399077082309,0.09655815753869805
254.45597463474326,1424.569478651641,1.4585995153571116,0.07795347809943097
249.15246445638863,1455.1944376293818,0.9935607771465247,0.14452347104152508
156.55570526137345,1110.2161549675916,0.607449839985431,0.22019332466771802
228.06832172040654,1414.061132830795,1.138620789888402,0.11211236202091454
180.76621719592183,1293.225791774203,0.9001077516405717,0.06613780022373829
435.30878224313534,1889.7180646702318,0.5145305900594555,0.20891742763433951
112.7250178030954,987.991341861934,0.7474249159609574,0.21432678635421964
139.39231225615796,1019.0281978189543,0.8919152880993733,0.15464387432450155
138.7409133283635,1043.0458831600547,0.054690771058406196,0.43235413193191685
120.48321522989444,936.2621486879955,1.428472413975027,0.12254970444405719
119.32177048380792,910.8244380662715,0.003903863903063888,0.6269491930480477
26.507531163658008,113.31860324700216,0.9068407310792376,0.1927696984245238
105.7968326877089,749.5418475675613,1.3282578673527112,0.183590267749547
186.22122623787016,1217.874345682309,0.7449101184376352,0.11174428099692305
169.5019545791551,1056.3025836546187,0.7558001139524544,0.23560672927342094
314.46606497605,1651.1108487386705,0.028928900773158767,0.4028999377898458
127.01545316268079,909.2520717125092,1.1655523077323797,0.12191670517671196
289.2122906266338,1554.6172911794238,0.008177722665772998,0.6892018081148266
168.15027644839367,1207.035903451757,0.805961823179399,0.2085989034998242
251.15159694767823,1352.0387164091749,0.02646095143772567,0.7211369064152351
152.38388112250456,1132.7191824604245,0.0031376096137832182,0.41545939388967507
265.25825507435064,1496.3833053568299,1.1097997897455814,0.18338557404866257
134.28516364298878,1109.8367280319371,0.7612365182126033,0.09687860319655242
166.69427897210883,1165.9606572855598,0.6770169359108695,0.17550056321585505
112.11328640685866,779.1301880337401,1.0931130313434971,0.10720807296824872
156.00218258381474,1065.1179471543146,0.0882018028280975,0.755127325747795
199.49822040509196,1164.67665020024,1.6129044643855406,0.21789101202200484
343.70335533969916,1792.5911125288033,1.1467830699312103,0.12004805331377805
118.54614001012133,813.3298673631076,0.942493687944648,0.21477379142401598
201.87077558507252,1269.9075179392405,0.8873018779816821,0.1888760661058792
275.31863358711917,1480.4840007086364,0.17864856752623642,0.6305700957556437
238.53437625861207,1396.1308599099982,0.6197807831669798,0.22175265425527185
183.7810191454604,1175.4800218811365,0.0024238727072338692,0.4097940277544827
36.382965906747685,145.26623179129348,0.017892642674422518,0.5815879501158852
138.60016570900024,1181.110438047809,0.9594926706266692,0.10034982892597259
38.76426620935588,171.09179237673104,1.3023255140200647,0.19566804290689946
282.85509734730493,1537.1827678850195,1.0008556938284183,0.1700980287934114
160.4432894162959,1180.9842626767202,1.0010031686603904,0.21489907059622818
213.59201737447248,1295.3173668292297,0.9861154678590798,0.21173388607682686
130.7737728030903,993.7169045867344,0.15077381789706623,0.533853005896309
82.22643586868338,429.00915897321397,0.9224551097387609,0.11339131409926076
150.25876918276643,1177.4682413586866,0.013430138997488725,0.4180425018235009
138.76510415290608,1039.3274446591531,0.009068092501403169,0.414848100078577
116.20682956185715,838.5406770285988,0.06577954007319076,0.21530072142377019
93.39574706132206,472.7909127687616,1.334918344139068,0.11496886292303884
346.7760495484428,1812.287579375279,0.9342277441129674,0.1920612086812446
190.1899746372537,1318.106137041116,0.6294707227555607,0.04499109097673244
109.60574343434457,580.5807064291816,0.9561991621115031,0.10782514413376765
200.34711472647794,1332.2447825514253,0.6125937403754822,0.21679321509649135
251.2234271817537,1526.3479069056334,1.4666931827472527,0.09519514261840603
136.7505482059294,982.755295494194,1.2530790306905104,0.25424339924012784
52.46958262675923,153.42178924275325,0.920729723857939,0.0743536469873464
137.60193864436013,1113.0234967926474,0.6552705622673753,0.10773512000795445
217.92803354706433,1368.4545398939892,0.7468227498912453,0.19040145254547564
50.73974091813223,113.1022279675613,0.8445359726361478,0.15515745446453472
143.8487894600752,912.488239341315,0.002595149155719602,0.6159420936326944
121.3040771485301,973.5324231870273,0.7654987351751532,0.12488418172939801
222.5280412224272,1427.394918600321,0.01828054592366085,0.409232019231042
203.68135098557343,1279.047680877863,0.14778915507690726,0.6042525893927903
193.33907711554696,1330.402346332945,0.653439592430633,0.12433882262008886
189.9224934494729,1251.4047367731441,0.528270712964926,0.17222683133379055
184.4724530110098,1170.8606111775903,0.7795748472258353,0.1056895961931451
159.93363912279372,1116.6498573173253,0.7342022579198609,0.21977798511718785
65.10610604453954,151.5890620263721,0.7072218846850764,0.10656025356467298
44.45028776513753,134.3981595448057,0.5730828298780378,0.12693189602767252
155.17163674107002,1147.5722693546504,0.034188701995621254,0.6505047260153038
181.15731679480473,1231.3834041127416,0.06831739158619402,0.4196993492868501
223.41838770303198,1433.375544691576,0.023567277239794654,0.6694152919718256
277.32914228692874,1540.8575798539505,0.8845703855993705,0.11789715152550082
295.42516994878105,1541.011960156361,1.2116676625120735,0.17457942544735242
89.92696482210866,430.0411733868125,0.034027812231848906,0.8463821255677954
172.93775293339513,1060.9270473287886,1.5466543019710175,0.2154507293983033
175.554508118876,1111.4277320651056,0.7822313925777283,0.2063254051980991
373.68935013484423,1820.400600309733,1.0888741270527602,0.21004248340503726
228.21107761931378,1481.846258833512,1.20098511881231,0.12134371260709097
262.8150477371056,1462.3372988049139,1.2469723390960894,0.060520013257638366
100.45054039410653,473.6451404974222,0.921355222285525,0.10959770804923687
79.76919426153526,599.1307124397849,1.3411848205565589,0.22155289170649292
184.9720526915491,1281.752631116095,1.1279399223852227,0.18841553265802025
130.52920209544436,849.8927326574666,1.222841782070487,0.2143262433871027
106.59615605579167,862.4767582060572,0.903927324850248,0.06674730800990322
143.23386650595944,995.9298929985055,1.2257460200612014,0.2209688218434072
344.57621045142145,1604.6683150190065,0.036755116444039046,0.6667649321748502
123.82638362895608,1018.4638683369163,1.265815865710509,0.2181474259465409
38.975858171294824,92.84439392252146,0.9593828324469407,0.16218640437086546
164.40979833413382,1190.9526087293711,0.0035962094813226098,0.6960814696233288
97.17291944681494,716.9498621356821,0.6863173052031986,0.19540166216437696
142.74040838286402,1098.7646492951071,0.0015860659666357586,0.4176556759748503
110.2771292922926,1002.1948968382981,0.8300014958007613,0.11622054384085707
105.26648844946845,614.0490546747097,0.8111860237362929,0.12768928458809276
242.8793403940379,1443.5840759136295,0.9267335650503733,0.13671306532557823
89.97960312998852,333.5017184926189,0.9757382429199088,0.22109776963968167
124.37585716104653,990.1102684689025,0.015600125646037188,0.45391111490527847
210.50409939616154,1349.2143884203656,0.09844446203427326,0.5276510182733308
120.14638111625449,939.7723008457664,0.07006413768291436,0.5411393331659761
60.02602955148826,178.04584587942526,0.02738612974628321,0.6797434696222675
193.75160682021502,1342.4722547263973,1.1661654263543446,0.22260158990463547
236.3671937775173,1373.6985019998722,0.016520278458898988,0.6737481147906663
172.41401788862984,1164.6341542327984,0.9313540962102475,0.0677696156266411
69.00652046787457,248.51717355221268,0.1403815776644428,0.48008756193798846
151.37403548116467,1179.680195843641,0.839253694548167,0.17573493346013208
80.49371775581085,625.6199381858848,0.905600174953511,0.20596174942988688
149.5469406638905,1132.3641938687226,0.03716511490386999,0.7863317121620647
116.89637867310925,923.9386792716606,0.0008995759410952361,0.43251755024127914
57.31796088357148,153.75572000259868,0.8377884354195717,0.22007178059305674
118.86933366709971,819.175679161811,1.3124051851995635,0.10027717294053906
170.1804907766408,1104.6730631096632,0.8988983668849168,0.2228247577592391
99.13792429040369,598.5851478624728,0.07001638386441994,0.779472912958183
206.82269079261616,1331.5095055121324,0.8416164140215698,0.10959386885213071
96.65288604586948,804.9964737797451,0.8265766647747417,0.20897616175407446
225.61851691393645,1420.2196215973738,1.6211459077762107,0.07712204790415705
148.86153267794097,1203.7413933182852,0.7380394578877743,0.17732173144944105
119.63077963285926,770.4179603384713,0.8027418821218492,0.07639723669792142
105.43244993136292,913.7830924543423,0.8341589481617652,0.19001878350726487
63.002552011199015,228.6352792050911,0.041376057352619,0.6130558650637844
148.90911758026863,1170.7998302402157,0.028237329933420333,0.7363393489635579
114.4856335587243,989.3644063270316,0.010568086182557189,0.4046266594641984
42.39631405920947,130.2440778631882,1.135077530276952,0.14221357686224534
120.208710660399,709.8291723383563,1.1461671258238946,0.1249019237498052
109.61339020097172,930.1954104302155,0.1196202530604338,0.5909098367491978
140.94320082037987,1249.2062563636694,0.23963484214419747,0.41575119232750124
72.47291750431381,580.582677498398,1.1352568542325447,0.12559656144687778
71.80218464729336,194.84466355358978,1.1251235936337662,0.05386110151262201
163.99672261678242,1290.1729744872314,0.006988335050942318,0.45570538377599346
269.47847345718174,1533.2063253265683,0.96717011594882,0.19201670620706157
56.635995735079824,180.1849123366691,0.006034263925270844,0.3188336926264719
90.77038186789655,519.5469949499698,0.7580736568547743,0.1418505938725101
160.36026297909245,1237.331299538725,1.0755214344000716,0.25503872301707364
41.617058139167156,162.88372375163894,0.9907619749147709,0.1053308517520977
60.816686842519566,315.798321539545,0.8468961139055511,0.19000710668488663
143.3590922336087,1015.5313134615345,0.011669537611045291,0.6564729607114566
222.94750834864809,1500.5040720170607,1.1400564954228316,0.10601391579590855
104.2649823235278,550.9735654507305,1.1026196894174043,0.23026181323991624
136.3548919189872,1116.7006290737245,0.009063022376855336,0.7846860768245963
277.44246063108903,1439.080681355033,0.013539682962064925,0.6670360191395217
260.04160951919226,1604.6060512824442,0.00710989627232609,0.5740755554043082
112.39265851496648,665.8553157811322,2.003931494111748,0.1682228484840324
140.57725913178461,1052.1218955095221,0.03519665270909972,0.4279497837695919
254.47283233865195,1522.9462627276143,0.8804766727103481,0.11045396679321337
95.82876105978899,392.89695911434,0.7713663098319405,3.64200972956155
249.678764574295,1434.5016261236842,1.2559240814043682,0.2238463231759569
101.00045783849315,857.3550520881016,0.9684139730669241,0.18907109692786184
178.58986636113428,1213.0292704845815,4.044097949853446e-07,0.6598250302821748
130.59481374654047,1045.6806632471685,0.8392259177204653,0.11346569154164317
98.9041886712972,831.1820141450946,0.6182151201453636,0.1736679520896632
90.19787347327488,865.1694592329959,0.007504413976486879,0.6391172235283777
201.39529884880437,1284.65009096639,1.0717700242641064,0.1876274927865273
240.12681481946552,1460.4675826754228,0.7037384873060314,0.21969537717737342
111.96071557538019,994.3904974508457,0.05932057270304669,0.2665709468469037
165.1077871587257,1170.9899144600447,0.029468312595925236,0.6021277373502829
178.31094555135195,1162.692311995477,0.007320261296655216,0.3374377612990437
117.1157161684936,926.497287414306,0.10394531744608082,0.43636681473616334
142.5618463135162,1144.3507205006297,0.08272534221417477,0.6102005148231312
203.82210661700654,1330.381457549437,0.03577896685817966,0.6897234144861184
317.64273400613166,1762.7062283259186,0.9150635071585413,3.6450348764251905
79.18913993744341,227.41188267520408,1.0126866913574808,0.22512327773933338
106.59992100080441,638.2893224330459,0.9176124180761926,0.20694091583911572
194.59031343817327,1312.8308254119522,0.009419124347809976,0.458940682014343
227.52788752911562,1340.1021892378633,0.7904042859969189,0.101542604353662
131.91389603827034,932.3094264344409,9.990479104820572e-06,0.4600317764933381
121.82847027070504,893.489007508103,0.9071811548625119,0.2004201895315491
193.57161222661279,1281.247035406226,0.9767047023006783,0.25843498756786537
121.3649772126046,807.1599727321916,0.870271013305524,0.18743919439934603
92.59053952787224,737.2136252630012,0.7810813518703856,0.10064398176030546
162.03363541175426,1124.8346850241094,1.0356765814031317,0.20210515160930476
139.89149035481546,757.3631298379674,0.7676507685180753,0.18554951177744503
115.46067668314339,869.4036374103221,0.04596090109467309,0.47700794051125556
45.870008389003324,133.76569759830844,0.9581085872171275,0.21061541629103966
65.58066901634092,172.65451418625312,0.7988912255156292,0.09278906116834916
71.19918774861038,395.88359958724755,0.9742501650371813,0.2394413329756767
82.49477398379571,696.8059056095079,0.8774587696624213,0.2279596797030373
147.0814661153871,1084.886836170678,1.2690714148130258,0.09685415678278832
78.06706944933968,481.1639993970721,0.13474584664763917,0.26826196539728087
92.9659568262086,593.6179966643192,0.08387232287387492,0.23677559371779733
122.94659992179533,849.9871518795404,0.8738581311437943,0.08031718313918566
155.0802261815081,1046.6313894379075,1.1300224090579822,0.11140199102406505
275.4664013014062,1511.0843979656431,1.1084898132364553,0.2742282233995924
217.44384285333976,1356.486049166008,1.229956382211451,0.13752331229181433
186.57872699241835,1180.5598936432536,0.06559292232683447,0.440666530591734
126.80224889199656,982.5864273910272,0.8835972258901168,0.10884247428544193
99.98441099359245,776.8991278469148,0.009594568421297654,0.42381263122906143
162.7920437476351,1183.3904820167004,1.0335908460651193,0.23191840413714632
201.1697681284491,1342.701476350695,1.3072532174616531,0.18733699846527085
114.80018518241347,766.1543064148647,0.9765194435575586,0.19219709444360816
136.2672764311841,1147.2838755523844,0.9347102279246124,0.22963571295881036
24.620065098715262,78.57892162794917,0.0004103429933063167,0.5518135847153997
188.86127570257997,1205.8496985127251,1.4073435286308373,0.06892052213122901
214.4292467276104,1328.9613899027738,0.05174996087639833,0.6648722462298398
99.08813106164015,434.6378558423324,0.06859132008497082,0.7127389640675533
249.82841826303533,1538.141068616875,0.8373737621909954,0.13719431725607278
89.69998801072647,547.0552541763856,0.6405905213045577,0.14452982432326314
163.07652484564227,1129.377286195686,0.9205608548615782,0.19540743872065675
149.8366614022756,1046.9173829243944,0.9179187826129518,0.2271007837910996
136.51458365441303,1097.9467161683656,0.021888786342335945,0.4271484882953067
154.34066893924137,1097.0455460864855,0.6725350961601253,0.11853357252303061
120.76923621519039,1188.432806022079,0.03185503246774421,0.6871865820272117
262.6150784668914,1404.7956178381917,0.889171704230777,0.10355563860243053
244.61499265369284,1425.1199787498479,1.0303841755371264,0.1408066287160129
140.4988577621537,1067.8304345789898,0.028662083739075875,0.435041988898928
225.05668621107293,1335.6081277104975,1.1646236996585464,0.10168543948596265
110.7993636398669,807.6630029692035,0.020438904202181876,0.46265515675241675
223.4528915255558,1326.6704818888466,1.0006240520976784,0.11573020995273066
123.96635565074607,916.2859232401283,0.05886987945524702,0.4379568170198743
232.13630700350055,1420.0648760298318,0.04571566684681115,0.40949830429202155
332.9077043003841,1745.9189247510283,0.15166327414213523,0.5151227931922164
148.7794539704021,1038.1307973828489,0.7830831014253304,0.2357106346960549
56.4201303442733,227.8355065291556,0.05225996258715261,0.6567477290681665
112.93833854704576,738.3614764231116,0.7682322189409038,0.10752915069887041
261.9904333941711,1515.0681194874883,0.029317495865282234,0.5999919649494788
185.41958167599924,1274.3638999168013,0.6084233412503778,0.10601618952882003
171.57400115346036,1175.00829731584,1.1279962391174898,0.10425581746313002
188.34701521575383,1296.0393971999315,0.7454256231342665,0.06683749407442448
162.7708597723122,1192.3224509745598,0.9093451482129785,0.08080515474472857
224.90546022766554,1457.837903442962,1.1038868340952044,0.18780282705004303
189.63170843786835,1346.5813300854218,0.03136713240948108,0.7027981176101319
301.99277044127706,1579.309136964868,1.0241031209836464,0.18153578892804556
159.5687626532002,1209.8864229154021,0.043892099687111566,0.5556863631076379
133.25353118312228,1030.0799875274663,0.9063062776912393,0.1656989115260428
124.54728096958758,998.6080632770571,0.02539191726488413,0.2640270323212725
109.26826755364404,691.5453133692537,0.0001437616987435622,0.6305080819417338
258.09997527209157,1495.5952568017804,0.9181338495619352,0.14242729658565065
155.30421600827376,1043.0165417628955,0.01596676198303723,0.663036810573894
247.92745044615486,1373.7896268429774,0.11175627613926628,0.36436009912406153
197.9507542525144,1231.6140249196721,0.143170490559034,0.5558874991436193
119.92832331422386,855.7359984794805,0.8984475319156062,0.05177348856764591
174.686122653053,1100.483263728731,1.1623221151050336,0.054010637968395156
203.06133327814305,1394.3298606631226,0.03756884400465986,0.611531906402107
179.85179222819528,1238.8860358610425,0.8382316101229077,0.19115681581024335
90.60606121530259,705.1541593950866,5.718740053451462e-05,0.6861302823119217
158.36177370014022,1072.0852964734183,1.0499076063540878,0.17406131132402175
348.8666782556352,1674.0625945057511,0.01455823339260924,0.7610509381410862
149.7633779851764,1117.609575646518,0.9607212432330405,0.18608176802821452
73.19621306896252,291.473338751355,0.5850166368755034,0.1234610575620298
288.0362787653737,1644.2321438328656,0.36319339618885926,0.36863587001153675
153.70392446084728,1274.2402688041059,0.004854475513482628,0.44150143830673705
112.64173863043112,863.4888878679243,0.05078086343371421,0.698535104633678
147.42317004058867,1016.0624538120423,0.025362330260661384,0.6071183051203106
288.2805689473843,1480.2174541734466,1.281410701014924,0.19275643596251518
116.69091907705251,913.1169732769118,0.8102780994893715,0.13611545890613472
199.7046952623115,1352.1719889886597,0.9958751868851411,0.20688478393450221
184.08454927752047,1231.830058712282,1.4481721777334258,0.16075236697591921
139.72927122042464,1077.4347929623423,1.1103516806341398,0.2296874953978047
182.66041708090867,1195.5485364966112,0.09392978702330332,0.6871451808672073
94.22377288585598,514.281242163909,1.0345118838232834,0.06443468305238377
229.2859820195701,1409.191211557842,0.7234059027728166,0.19409748485228068
89.34597986661987,589.6833005719249,1.1950505491485306,0.2212962514347162
96.30639921997772,615.2367906087475,1.0139913186980984,0.10306200223361602
211.7692943507161,1308.7019599623927,0.708428215763726,0.20004419619339084
142.1426475651342,1093.991090182392,1.1308242445991161,0.09438379098068096
187.70931639900405,1260.2969868174057,1.085278186313668,0.12088315384927308
166.11143540140674,1098.7095147066223,0.9805286911425405,0.18139248829761512
102.42763683351366,977.117977497479,0.10668511193319152,0.6029619820037827
206.47591200447616,1316.5527488659775,0.7314631689789746,0.13044853645457077
136.8464572669605,722.271789358875,1.3331858744340976,0.08929200329974607
135.83826817004737,943.4844018118504,1.03925346526534,0.16768491624455734
145.07016943911285,1115.4114085845508,0.9161350231980119,0.1298816023187991
302.81982194101624,1676.9314682014376,1.0393966418020546,0.17294059532021866
50.57231822296075,136.0212373676129,0.04589415729745837,0.45177294452297334
166.38666442289676,1186.6424599822917,1.3297954757350956,0.10613431732730834
86.98209651764651,425.46770975748956,0.9805082578515132,0.2574758080427171
148.3057669558322,1125.3236231588794,0.776309423294697,0.21663823056017242
128.5846625927999,963.443696617601,0.028298418341165227,0.4653106507566215
45.42987457182209,262.2756097042562,0.9316607389465537,0.2149575506612294
223.5413188938028,1276.7438740880737,0.8673282684968181,0.14369411434932258
137.26331398785914,1000.4487262343126,0.020750489687152332,0.6627411304410911
57.15599320271974,261.0417807748902,0.823010143762586,0.21004766503028122
174.6769154007734,1283.568218006771,0.9909753281371942,0.12262222640734773
229.40034679035676,1440.5629302097914,1.0024296904338283,0.051103082206901934
269.7839522072443,1523.4799100598304,1.0346942912391273,0.18149781404622573
175.87786860519148,1224.3949036463505,8.993403630030376e-05,0.4171365849002394
152.47152390886203,1146.3650689432757,0.6900787523446006,0.12908247909321965
262.01397715855217,1493.2876898945358,1.1023999084632574,0.22769357274403007
277.12720998707704,1642.1118885067588,1.3582372472341893,0.11652769842305928
244.0320007026294,1501.6156676723226,0.9492212847905086,0.20786267976909373
116.44473000778413,892.1858677255361,0.01683190910515267,0.44204225887909304
189.9082521294641,1215.8276212735045,1.3797399073610377,0.1002996955047018
162.2479325810892,1248.4894283695653,0.021484876143541998,0.6614767652725033
67.53797846846132,204.50519282119885,1.5298489011632195,0.18924627422550078
198.83533469690457,1266.174981568399,1.1130468645539044,0.1320215127735623
311.78509298036846,1739.872290477639,1.1443726686997053,0.19380612283752027
200.27630294323242,1313.5913624419813,0.004324904933455012,0.571838158403265
235.1821721979628,1512.4248713654654,0.6415446698912235,0.12465724232554484
148.8903373522112,1130.9056052819603,1.367674094537878,0.2199302532228265
152.88359408693555,1162.1138230205543,0.03000613968735634,0.4267336671667348
191.44604493434034,1255.4565082214654,0.641195587164101,0.18190028465790994
108.87944312664158,800.645477693698,0.851376355728179,0.17957174436653317
71.41007649191884,464.86178557351434,0.8689322438017941,0.17741948280637698
315.59431946440407,1560.9448797307923,0.012793061018751634,0.6266759575043541
220.66267342626531,1453.3151021125577,0.9473298458829166,0.11504015625178017
75.80358935215172,456.28118800926273,0.963276056796142,0.21070576915826889
239.2661168775578,1439.0318272609445,1.2706763984465133,0.10592800236756944
144.50347637778833,1076.0131750389019,1.1763975252637509,0.20892736428596254
176.59614755012595,1188.8844029806232,1.1017994734894452,0.174495305843105
173.9210533931814,1241.224975710082,1.319986128571938,0.12859311657582229
241.283060456671,1396.5475208291016,1.2884668800307173,0.21200121764852353
189.56443714147116,1158.6559992695343,0.7610268729026937,0.22186799183378073
195.1690651574118,1401.3399625861662,0.04336739398806343,0.3880928570528111
195.93425623281973,1256.2974883306692,0.8717179356903876,0.10930284332052681
200.770194759086,1286.8320586359866,1.4785784289207322,0.07337436883310926
123.89984069396995,901.3713363971525,0.035734837769987496,0.6622172941517052
372.2317423043044,1748.4535028978983,0.033893033866077255,0.45919240172673126
196.2839526094087,1232.260829267553,0.8277372445197557,0.11614435485677153
225.05909965166782,1305.6877154740696,1.0134660360220344,0.20691581051976632
64.27376278378036,488.9471755504641,1.1863626780654544,0.07238467805204422
97.23999736251324,563.9723750208191,1.2957193036759138,0.10134349023611075
222.51869828186918,1423.785422157173,0.8826741784543768,0.12150464651999321
178.57768871109678,1146.5249530707451,1.3476265912227756,0.1874356724160559
41.45349317742079,91.45276256541565,0.6672435735492183,0.12649655778725538
256.01130389083426,1453.5257720357902,1.3617797161067633,0.09235385652913602
142.1661635049356,814.4119352908297,0.6452003513550556,0.2148428844848402
221.61726404790528,1441.6686934967554,1.118841997058683,0.255616038729403
125.07149858642057,901.8086332586088,0.9430906503945431,0.18347366160566297
179.299823039447,1247.389458124894,0.2058815610222129,0.738843416705548
233.4991757894436,1464.5439943667302,0.0036274706297911505,0.600458034361755
78.93209350563522,468.16046031527947,0.9978303438609328,0.2455912234895966
88.54818893447734,660.8160988487298,0.7087004189168862,0.262968734954951
144.67651340863023,1078.8332170509507,1.0906391829435622,0.23382838203138817
218.07697929845136,1342.762446619683,0.9404853939039293,0.11394190014681718
92.75493612148,603.0598299266447,0.03534962358729421,0.45435874369271934
63.387835328555454,440.812135499173,0.8907299729861118,0.12309423623381265
212.01391332148407,1340.664428921153,0.9116328624601011,0.23163527755682153
127.48922592763523,720.9643105351439,1.082932279812143,0.09048994561012966
128.73846740152226,993.4821970591667,0.6376512047168164,0.18978299793272418
61.34016258105229,410.83087811585824,1.1101809433580838,0.09573617451535747
103.7298474943397,799.2495012592245,1.0153997229795135,0.12188536188092974
76.59590237582007,211.39581182319503,0.08253487586067593,0.5871620956780299
216.8092319958138,1428.8510328633367,1.1702493436257502,0.06837307506606131
106.91750032490677,781.2874149699101,0.8652170334314588,0.11185936761915556
300.3127351014274,1601.1959334101598,0.9625594018985475,0.13392741165296412
109.55901120037726,787.0097292900213,0.7352208674427249,0.20066740519052528
116.72455929850052,820.4172864276978,1.2059581030881663,0.20797201147282074
236.52502730816832,1424.7283563545943,0.7784829085589415,0.10014981679081293
136.90691656436374,1128.695982034846,0.20314577477953064,0.6668340831961668
109.66753708644669,979.2034723522867,1.1488713629509597,0.16667902931886702
132.9977363187774,946.6074900115786,1.0481967919544073,0.27514096743859323
290.6930641372225,1558.8830019634734,0.7950389821569791,0.08679881778048917
194.40632245429214,1422.0225633954103,1.1186058493460123,0.07250857669250711
113.01786729077101,811.9462478244178,0.8226763259490384,0.11074390882556999
105.50076654484302,956.2733613588965,0.12115447274153218,0.4506261164069074
166.47319357563381,1186.3906895279692,0.7512962503362478,0.21340700153708103
110.81317081476146,832.09798067751,0.9958338980589267,0.20581876364235924
147.23506134873136,1069.2877256944994,1.2467192683301247,0.21735634704900259
187.96554386346233,1093.5860384583275,0.8243648341559802,0.16372207409169515
195.0469760722839,1412.492029443021,1.0941841737902718,0.11184329890587524
234.32962985276492,1358.9935426164323,0.7696553311782983,0.17435861300649616
156.6656454545247,1050.9878499731524,0.8319982946810826,0.10267530163927964
110.29644582864269,923.3617558436182,0.9008924289715191,0.23698533750773926
173.51757690954545,1254.0317943828406,0.057742942650107904,0.7043559617538924
119.21953603212943,867.0201329456584,0.08389575607808547,0.4103482819061124
214.98362517974124,1278.509498963314,0.025736151498603435,0.6131169049970883
122.85043751488524,1125.082355556406,0.005863887621026118,0.37128166137266344
115.04855690075355,939.4535814309417,3.156383823523434e-05,0.6883433061150005
99.01557233696126,687.9911339431688,0.04192078759177807,0.7069224518057159
272.0073428894059,1622.3466435734892,0.13668563100241748,0.3201688621868695
134.47011325663647,1085.1210695642565,0.051600265124878586,0.6105230892586542
267.3496695487182,1563.2967217537366,0.008261072520547093,0.41333885594356934
114.34328705005512,668.6327370546452,0.1442914498392428,0.5040161112650421
174.5540764285668,1200.0768772697327,1.37083621540359,0.10574646602256126
354.58948628325174,1803.2365716715465,0.8262463808826,0.20286328582973634
114.78765177296785,735.1994749555538,1.1687198359743163,0.19541348890723986
45.17360595942466,108.71447258130216,0.15833245520492534,0.46064686128831567
245.07515462896347,1422.3575864242277,1.0354896326681726,0.2074773867107335
106.84546906303609,910.6222507440644,0.005996396470245267,0.5829231080795659
156.12196304462756,1140.3736259231266,0.03344976753023392,0.5702714932844861
143.0568243730952,938.4722945198671,0.016591266378749345,0.5972529449507423
178.3368305853493,1172.2883551779544,0.7558677212095489,0.19702548043930862
119.45177058865745,922.4744024997511,0.034621274165436366,0.6179155643843357
109.94753802016142,918.8870385915143,0.025118164286073663,0.6642835848339813
178.76010710168052,1241.5847594239697,0.005182825123258815,0.41538361356541303
46.95688162855744,131.3640032965185,0.1127609605263585,0.4603918465275704
123.42816793182433,941.4786987327323,0.5626623480517458,0.2386019103253059
153.44667046272934,1006.345523008966,1.16283553156194,0.09855639226529828
45.11139711254714,124.96301754436647,1.032431198314281,0.22337910053220567
115.41003937921685,801.2369832622267,0.04157214250702408,0.2875273765520544
176.2221775784277,1170.6550681126512,0.8719679220578818,0.23813063722936062
137.06318050584355,965.7730932468864,0.008706646383188188,0.4001218190179321
132.61185183603308,983.296920200087,0.01681938795244825,0.6809112027016999
152.5310900563266,1137.8347034547373,1.0861446853006205,0.09659546897811085
115.53121280797319,953.9471003057945,1.0983685654717084,0.10598143706474444
181.8360628734439,1319.190030101564,0.9884822240083424,0.1341108197857857
297.3287974511099,1550.2968126774733,0.02170187249977798,0.2826445649788633
115.48690689983871,934.4315488780867,0.7711470879607338,0.07625097479805988
164.8743439917076,1254.3330662807502,1.0928945609232275,0.10395780379510035
147.40177571834866,1123.8724805286727,0.0539533194615045,0.4455803472844282
218.0581203286008,1284.8062192048815,1.0892564054288454,0.07753435530376616
209.9614948193383,1461.7172354690917,0.007727910802774442,7.525198709926608
157.55788126384874,1178.7642393040694,0.7733608295595517,0.2086903189896766
68.27083493612656,242.7060185445152,0.9264196954194857,0.11223335897919269
186.03275404038885,1249.3556928945457,0.7657471778558192,0.2815605436524119
286.6198781740436,1504.6064988457126,0.880146248202398,0.2045363120788689
166.08656797871268,1086.590630205182,1.0877990709374403,0.22061746129844076
244.8075852501317,1424.3650528123937,0.06558747740489784,0.46307599180170445
88.84345795542939,450.5699528591645,1.253676881138924,0.24124491130810133
88.32680002530935,663.0864558917214,0.5698697556565028,0.2353105901640131
129.86746482838757,1150.8280352337833,0.7426405149587382,0.25879263181023615
71.86619752461395,351.4885524023421,0.897535111435529,0.11423409444172171
126.24570879730317,1013.8725464906735,0.003226803340819838,0.5325075950038123
251.1539720602643,1457.53145691693,1.1282262282189994,0.1133080695933644
53.487258782270565,207.14607152399435,0.049431053943788245,0.4727577237154842
104.36488840533443,623.597508735514,1.1238523921160546,0.17926406306982834
119.11789407752406,924.1279220000085,0.812405195149627,0.08553015863781131
193.83001543889412,1149.728071453405,0.8957739597495512,0.17816380981285862
131.15222367196554,980.8624370807282,1.0004374309046837,0.1783883942007222
288.6034662611425,1549.92213843252,0.026853719747105015,0.5018684482837362
211.37679447428778,1327.0619044834461,1.097823417661206,3.6523446836867195
189.63482332544234,1298.126467400132,1.1864789485505134,0.22755884020029302
96.1903263734662,396.74658528481353,0.8574726845969576,0.07112850150251472
183.5208948238344,1239.8782622552292,1.107229625401084,0.1927739305431147
97.64679208760865,928.0214756477745,0.03260048777218945,0.7059649197339017
207.06093443931917,1427.4143957534461,0.060814141956284345,0.40617240564362384
94.81927107222026,758.5491021859624,1.224797966155215,0.1155168617133049
202.88954061225527,1290.8436819270144,0.03802607749054074,0.6347058703155678
271.3012380834642,1515.310696742705,0.04969140123973789,0.45415234348093286
171.47214987509187,1224.5171160529783,1.4210133200957134,0.122806927496906
92.77715353423885,561.9749883081558,0.0004527929505945428,0.4422814957166352
191.12592057208252,1256.446876408649,1.2921736014289271,0.10815965288920598
32.563380016402846,81.6250674653212,0.09625423319225035,0.39295792996461554
137.97404707262686,1128.1106761340368,0.10279628134284555,0.6036104595865432
149.5803741180821,1090.0709091359197,1.1813946960572212,0.11968907879223359
166.00675218915913,1092.9344523068444,0.041169974533543444,0.6133854824689777
258.3771946251559,1385.0436053615483,0.0015623808509695677,0.6433990530739193
140.89147103689936,1081.336168897507,0.8242643865080836,0.1018256551412253
95.44625522926903,705.2908472625774,1.0565366525123174,0.23328279360108564
176.31279013505966,1110.1557178571238,0.014273436249610444,0.46204390262630557
176.68030177905837,1068.1242173105736,0.037896150639015955,0.5710210139209804
180.03629425815808,1189.2957935452762,0.6457133791643552,0.07251519853761153
180.06450035225546,1148.876045994691,0.7516801611088907,0.19936481458281996
212.17936386816726,1298.7933713876926,1.0736689754557132,0.09588784842242562
101.51187954367677,709.4684976886226,0.7879023238886083,0.0735267052880808
111.29430742216977,1059.607313810302,0.9028427201369349,0.25243847600002756
289.44748822555005,1536.0794243485966,0.8292854880049949,0.2212549849047853
68.59031880474261,254.73339602116374,1.3077727458730841,0.1862215836871178
123.3785823554013,768.1132506068602,1.395373103033241,0.12459540216976639
95.40094640885653,658.1323483468353,0.6027555261582358,0.1869010033505194
134.1255465079529,1007.7828320236146,1.03696530396323,0.18593005573879678
106.01919337126839,942.6664150402038,0.1576476450458164,0.6141414040821513
161.4033566588185,1101.1003214664574,1.284421686865283,0.1009380085906286
271.30649891421353,1627.792366366466,0.7269409961360136,0.2946529530280676
79.7548622772231,496.56936942633524,0.9116738499694079,0.10511991431264722
88.00000555217491,649.9544375685051,1.0716721287178796,0.21640854611045662
94.59829089040355,639.3170704213975,0.8274005976964937,0.09960636250846504
279.7226819540866,1596.0343891554248,1.1104386134779207,0.17090005583963508
147.1381154494936,1050.9458462705563,1.250583068522647,0.19727996038977297
170.89522503838958,1154.880220757588,1.0013509943395036,0.14802840712275755
106.73143711346555,1043.2471974286252,0.9261515790000175,0.08042655260460368
117.53761402136175,927.7371679431352,1.055126409790131,0.19466874641892684
123.88090511802392,1007.1093648053753,0.014191744565854411,0.5678705429857331
411.055563649513,1806.0922937020598,0.07343991560012172,0.40406241736980136
233.61828268013488,1498.5436554782252,0.8703842589801293,0.11756430855236649
127.40364851047565,954.9533689936051,0.9832610538280044,0.18681884306815794
146.53159369583628,1028.573404031873,0.9632696100137658,0.0610142451633853
101.22125937935319,833.2703406600432,0.7063015880998417,0.2367930207987979
72.45839652615771,416.68945078977714,0.7553326997820538,0.11149395497538594
191.04757712383378,1316.2490602554424,0.8031753501609191,0.046219137569147625
230.81336421523494,1454.870250517959,1.28056960861172,0.1962501161488498
213.25919659334784,1430.6088327098303,0.9714747222986384,0.21884065074922118
119.63133990235633,930.546281009033,1.5100642374833808,0.10153375986841107
144.63939265361182,1113.319884861459,0.019457233210592714,0.5767210969877684
178.41775385990076,1278.9330554517492,0.02660500562014098,0.6461397506224936
197.55452001130965,1232.2084610690097,0.9805987383066888,0.2556526180842926
128.83198808488467,1025.8293989712497,1.2231083042934048,0.057277753860170755
77.96679369718771,372.5646911952541,1.237391788337617,0.10254344829688974
193.83417958504583,1112.1854010297457,0.042109162498141506,0.5018905864994176
189.69003840487204,1316.5638263237367,1.3204123079596468,0.11164058644433197
79.7564962389226,563.9794235509435,1.3195501187749406,0.16948365142300703
141.6765590713115,1209.916000318501,1.0777374012550676,0.22942726766205285
99.03105929300902,632.7112762970033,0.0007843387348787437,0.4931980472406905
224.85885695989873,1355.5650229716273,0.9014523849964896,0.2989658286599015
193.275125259108,1370.4771191773393,0.9313780476989519,0.12160654944204076
130.20231940515134,1012.8092570175278,0.9112547708716723,0.10132128416387137
79.15479977788748,526.161375788112,1.329388061918264,0.10727371733373986
118.01229857680826,934.2412367816429,0.8274499603346008,0.12737366103364045
237.64621881933152,1372.665775265547,0.6399710935019755,0.1882006106838453
133.24413573931145,1008.1257137647971,0.9122688580778779,0.16619574084296596
108.42762135531584,905.4320856350721,0.9921142124187958,0.2077548974059803
76.34547822042612,368.28675093928734,0.8086772232051991,0.14404364188664354
244.0467688333247,1466.5529937571594,0.0033014620822625004,0.595999448453125
232.45581621356447,1379.9368948750523,0.9425830236066574,0.18350245801747317
102.91938839944983,622.3363269401092,0.8482445259638837,0.1822568773625162
235.043528148623,1383.441533479142,0.9436759207225689,0.20618224787374267
191.06501654033224,1253.1903365756136,1.1829310879699635,0.1427315646633446
156.29347484048836,1045.305382180711,1.441627742643059,0.11051013744624306
100.85957160602945,451.31593650056124,0.02556004309897346,0.44715708567851914
102.42155662006788,799.9043802506726,1.1967022125674143,0.10607607548363991
332.2315666908877,1803.5314377572474,0.02262839965598147,0.6560077359894986
221.1692480480918,1307.6041438683133,0.013258474706454332,0.7247453341963513
118.03288387772622,970.2880768540201,0.7313182098467091,0.10626586126883437
204.43686893178574,1275.2995689347156,1.5798392806353219,0.2207723673531265
82.61146363389727,332.0192688678122,1.1178338494875004,0.1269402777729886
224.01920306958047,1452.9533046977817,1.172922787280477,0.07447127073657163
118.93836830099656,786.2932010625759,0.8434098371237113,0.1786972030312231
220.76880025188981,1289.3679051683453,1.1331657833086424,0.26230415932522283
246.10588693980262,1462.285603603599,1.5730350593961306,0.1668959680015634
154.78762866226018,1185.486915445922,0.9304676036764861,0.2567107809051705
132.63104773789135,1013.4782247782543,0.03172814052814016,0.42080353790188785
125.37811855153282,1058.3688422120529,0.9244028366162989,0.21951481598884054
180.26093927928946,1130.8121080827964,0.05930770396212964,0.41463261110834576
127.46034866396266,856.5038188060572,1.032625483846855,0.20462825432225562
119.25008964092576,795.3350020863868,0.908883825676092,0.07079818014294974
286.25485950566537,1572.1500199102543,0.6649653055738461,0.18483750416619715
152.36913142288924,1119.1147823141662,1.0076748251849668,0.2247888762496378
103.09400664630935,777.3093430119868,0.9044410560747058,0.12077883219703517
125.48688936411813,946.4392817731724,0.07587414211128435,0.36963990349596
246.95310972381745,1477.570056874739,1.5327220552563323,0.10988719794928817
207.79159700354265,1324.7934623614865,1.2538794005957241,0.11262799491552618
188.46428536184573,1273.121070539508,0.9230143606804782,0.21416121147108397
148.64520697420764,1077.164899353808,0.8147810980368484,0.1158753809062831
193.36163277368806,1298.085828355058,0.9727580103135491,0.21455020794809354
108.95670130723816,1018.953113453264,0.9472856137417872,0.2464495726765674
141.28076312393088,1070.567865515146,0.8266439520636397,0.24092186255222764
222.77949609127742,1315.6684339545407,0.7134062028980961,0.2200751192986884
232.56631498025837,1318.3235677873295,1.068096272634471,0.10227796030427251
103.77101863581768,750.4506144236079,0.08703909474634602,0.6533636879029985
110.80830364532088,802.3809786264362,1.3496438313840737,0.21583823820187453
181.03364001701777,1190.4884374674496,0.9841494911592588,0.2175786166283274
262.175844899771,1522.595548688051,0.00566064562572053,0.6466317258138965
58.567085085111444,230.84137127959406,1.124808095451134,0.2149761890156741
145.95822591571712,1183.6197820966167,1.1091977363410905,0.18533370425057916
68.0191367379067,275.4327353690375,0.012737997687207514,0.5948069573901612
133.26100746320216,1013.815884268978,0.05040261077837682,0.6092281801304384
132.69879446949093,1068.4248938583721,0.09030743921053228,0.4569971036895266
124.5400013808472,863.872232329617,1.4415304745356394,0.23014677177671836
123.9890950948649,908.3754087929223,0.11562950773861971,0.48105084287238054
153.79951556639648,1169.0985008971845,1.2471181979061348,3.6510316511665777
131.58181612948124,814.5820721540116,0.06588145137580406,0.6246167525772561
79.05086077868188,387.15686178088384,9.831232119182458e-05,0.6312943884465376
181.93648116515817,1271.4456333058329,0.043015327441144446,0.5794887276023489
181.81948513753682,1242.8492055506392,1.324482388758125,0.20231855491502576
205.77997997570463,1367.080846297142,0.7944482556063934,0.1967308175487213
81.25087290063345,602.7999863121636,0.7819570702903492,0.09461113987168106
145.21549431659489,1146.887460870771,0.9682176213293392,0.2086480167118158
137.06636967018437,1223.5349207223262,1.0711361889565798,0.2051251753237759
81.09311372387155,535.1707892792538,0.0043959050539302755,0.5093421442649293
185.00783538294328,1139.9655659315495,0.7740443932478611,0.2435883160659679
131.51113160897344,1044.5946441991998,1.21969734295518,0.20986440725435218
249.76974899025146,1544.8943244165987,0.9585158863184878,0.0567872890246397
201.62467083127234,1525.1761414839777,1.2112728922157419,0.29218420715538257
79.25894708687046,573.0153620105418,1.2630053535037495,0.16560940331440824
359.2993765107046,1837.626066285743,1.4949033770498283,0.11730765804850017
106.01559835944602,693.29795685716,0.046352296249843564,0.4202912633165816
197.57360554277383,1337.1677063252253,0.07987414924841335,0.48835021381802235
227.23160217665273,1417.2254467362982,0.7167811538048627,0.08501383008155587
93.12386818824784,603.2274725006238,1.158713515749132,3.647669999092667
179.90009179197028,1237.564501945063,0.8184589228455166,0.22926782386006114
155.404683891151,1087.4723122079665,0.04127103013074947,0.5222827012926025
184.42557528144656,1250.1448133071679,0.03249988826765007,0.5268898810849428
183.34472472102414,1155.152474027232,0.911964967970587,0.1819516733812963
171.6461428545628,1372.2478783279967,0.024024154267507716,0.32227678503769797
153.41396129439005,1155.1690971251792,0.8018822044955889,0.2026882819524547
161.63795010450676,1099.7250694902054,1.1011773315132964,0.20416175181024251
222.42505887191552,1406.1613772785772,0.006466969702467247,0.4498865046025884
161.25147893949423,1185.2862566081126,0.7027905498665132,0.11036050177518926
239.0965206832326,1385.3394564230277,1.0837484260055423,0.16487194330880056
126.854018395901,988.3204471650616,0.8752806566393619,0.06489750408496435
134.95444383978327,958.4595280483346,0.8878713124506474,0.19344907554326107
114.8558741352385,945.7344171830167,1.1189649548973384,0.20211898906924464
136.2968266528998,940.9339383063639,0.9361751030881968,0.13742126505788144
222.7703398246266,1359.652770069331,1.4471176623236401,0.10390118007322253
209.92506473523005,1332.5196361534045,1.2137389357213322,0.16906558712643915
156.9523096328425,1005.2051410447665,0.03951550581369159,0.4821420691691221
258.35795529860764,1455.4914230308245,0.5288632854363904,0.1280537655800182
256.86554090306987,1487.2715320773698,0.08898772769481936,0.37517364793356023
143.18892270143374,1076.8992081851247,0.9313612042529933,0.2673448343456217
110.68283471612736,756.8740405185765,1.067833413980188,0.14685163692218595
277.08937707341624,1526.91267691921,2.2081528447967065,0.19840927532377495
150.54112832350177,1141.8511435895064,0.044268856463889075,0.4720650309430249
147.21725595566562,1058.2848227375514,0.8807849766724647,0.17687065835317856
114.60782663972853,981.4379536024837,0.16491953042527657,0.7157506678991423
124.1450515189068,849.4928329783446,1.163438857514112,0.19624481472913885
71.69796669302781,206.99776355804832,0.8856701918365224,0.11216844111342658
216.39339573735845,1344.6811092214434,0.9144552227454327,0.113792113007546
90.45582825564809,394.13134201205304,1.0111416200693615,0.17236829087894093
325.7936118021107,1815.0589707601152,1.4072288223441214,0.11546359936496027
84.37413526777256,749.74526314666,0.706899907229691,0.11735837448236797
78.32152403257352,519.4003949418907,1.0784125130316164,0.09997635433261934
189.20045070607154,1261.1702262565175,0.9311966493256358,0.22337763269289151
216.77153765574462,1471.6956550545103,1.0515124725433385,0.17574825489732027
174.3250006137181,1138.844587770463,1.0697264851222033,0.11377236601646909
168.933492096756,1198.4699604092918,1.5293940038325817,0.03652226758439235
52.44755763082379,114.38146161263883,1.1102381159585675,0.0627532463440003
124.36553439461966,944.5657310380802,1.3563699109145089,0.11208901894981305
109.5090367635573,714.6483045865472,1.050164420156343,0.21537346272539515
67.48614551102587,455.9634299110499,1.164348715160965,0.12069613130364232
182.88614872932007,1218.5376887878556,0.017569500161995003,0.6913275950454078
54.63938471769163,288.6864324171169,1.1362016654164449,0.22734205850049616
79.0451503060627,508.4317244486575,0.9857953535124937,0.18742498994246884
89.14082599711301,386.6481735686271,0.04107533786915013,0.6073100945470322
78.05248582332614,246.7733677779844,1.19785139879678,0.20266790334156448
200.4565016750548,1252.1415293568778,0.9175691931168596,0.20395006380812
154.81053825633924,1101.5506788424213,0.048123359419867465,0.5880322106536928
157.6549838510051,1196.170952490582,0.02827677185387177,0.42247839170457424
202.8985280873836,1358.7001035476978,0.08439782730110174,0.4070502600243657
244.79565345952187,1426.7027406390669,1.0164375292779553,0.24758032546821046
166.92411896643455,1171.0631902188275,0.9926658302514089,0.1954068973426452
171.25200890359088,1175.5721001454522,0.01601967500314981,0.7055028499515354
204.78692622090827,1236.031977278259,0.001419460337735188,0.6455148352172545
180.23700467913943,1106.7233715508817,1.5083754376904,0.2043812901396621
139.20519655937596,1079.6131570048199,1.1842993616246442,0.24452349331743234
128.82141588689757,876.1114665100747,0.999325783976645,0.10116253898391352
98.96561035184837,620.9958698768428,1.0011621461800815,0.217744169462787
166.0731646519839,1253.5770426752754,0.97810112064838,0.1100945294205729
172.6568792743656,1115.5396049102765,1.1587959876306229,0.18704881365308246
135.59767607432894,1017.4547285259779,0.8664916632322369,0.17405640043984894
122.45686474949319,935.8117521524454,1.279210840237818,0.19878957037286393
93.50695644048865,716.2185395877385,1.161616493486153,0.12873649101700235
253.0553203004198,1449.5106616898408,0.6966808560329032,0.10211850469083525
149.2975387665219,1123.0884703245829,1.572835096970144,0.19264267506775845
103.15711051963586,936.4570887577376,1.2782163248339131,0.16133380670305209
236.02174508966044,1377.138661289176,0.08398516653695798,0.5668808254465654
135.02117839786285,1006.9865187133913,0.7405592068274192,0.06430364282178071
53.64196746107962,346.61340995938866,0.9607602367817623,0.13608946243318246
194.71534728247255,1331.05757083599,0.9099284132144312,0.1564201221148173
118.3253205377473,1033.9375107246844,0.6628584067679143,0.05492087399257253
102.75377425947113,873.4050259789353,0.900272254998334,0.18149919611970508
192.30135582072631,1162.24724316449,1.0696942010181207,0.26516891281819654
244.42345960066154,1401.5165861255737,1.1396752939745995,0.10923847723776056
140.40254594667883,1095.6148108308603,1.0573328391821444,0.09735352438201282
107.60762275005885,516.4431986766673,0.9865669641887842,0.2310311031822846
160.8044743954416,1251.4352578616617,0.782861863059026,0.12517107688810572
142.5850276930586,1025.3565022305556,0.8453928179219031,0.11151629213044001
252.58328292233185,1580.811566301299,0.8953423075600397,0.11652538114072353
140.41892329294296,1067.490479572702,1.2871540144828286,0.11296041577222107
60.73822056077692,384.2120101443368,0.9108675652261398,0.14606949446301937
158.35872935485065,1072.81285159244,1.324962130140499,0.10396906379663093
360.6161271566189,1688.713066719118,1.4787214262483919,0.23077039880787306
282.3833109358033,1571.4941778766572,0.9275580147145295,0.050634335560410026
227.22671604783915,1522.9468743564378,0.12014694747480717,0.6098096130711382
94.2379312278614,879.0291163028982,0.05247627647668418,0.6211204752826345
222.2401519277362,1383.652083264112,0.03790549158281632,0.4269740329566919
136.52487014158703,937.2660448580085,1.2861300999248468,0.10558545436397675
145.27638397411357,1070.5871284136917,0.92591105056445,0.17913588908609096
95.1407506034295,871.6855882445774,1.3179152488453878,0.06362697764338233
92.82794797044185,661.6198770542959,1.039131539027267,0.08902552144534773
123.80821960180151,892.1928590501007,0.5588118048142688,0.24413333762032483
267.2607772059112,1430.3046060938118,1.0668333813112552,0.0575269892144903
217.04495253338564,1361.970957612375,1.4747032649015104,0.10067005593483921
202.5827689027122,1254.4250776071299,0.9414958596894691,0.16114884916410244
66.32687373340819,238.34373879874843,0.5916157386726751,0.18739051723929329
117.0973037292643,1069.8311236820143,0.09376643520085606,0.611871927661817
127.02133260293363,963.1820284563146,1.1213847975650482,0.1904969457801342
211.11226389096046,1388.64505949557,0.07548229946774049,0.5941909864167083
273.50980340145003,1476.5553135991609,0.8739711207578309,0.07124034197460097
186.3565088966234,1350.6302841970476,1.4274220518256864,0.06775713356517862
132.4126024323146,948.683942580622,0.7988475427709008,0.13080483054827047
18.72803747898734,53.02099662921321,1.0998831144986605,0.2227550489197075
68.05494128349137,355.48191700208014,0.9338200145359056,0.19921311714804135
279.98339325469937,1560.0843525797454,0.979244187967963,0.1809134051411178
133.34767421224464,1041.028032923785,1.539469829770603,0.11363962895586145
119.51648962244994,849.5854541706291,1.1591636449393405,0.24603806159428407
280.52647182814763,1612.144196062788,1.214117960685214,0.2398583694674303
260.0919808221884,1456.7904837202277,0.000429096695721708,0.29494046380578787
155.15563820475933,1127.5753402075281,1.413084937528183,0.13182487569177462
161.38881269767228,1084.8472863494499,0.8408305870065246,0.06080574662227664
141.7144692567743,1093.0260783399222,1.0308112252677222,0.1889338308127925
210.2415463790582,1246.4281058535319,1.211057322083367,0.1936128245536896
281.5235533383552,1613.093548345836,0.6590928834004145,0.22206420190345977
184.52579313968045,1273.0118540353271,1.7611997225353961,0.13160853205371023
212.6981700178981,1350.3792789084307,0.013875475136671936,0.6225894537192156
153.51705730961064,1256.6759237729036,0.8867833437747618,0.12852499581989468
97.95401700693215,587.3806407817269,0.8751820555772007,0.12996202364518405
218.95135088452264,1254.99791260468,0.7905339864727161,0.0584674822047941
149.20126024579443,1079.1424605030713,0.08457912117845379,0.478613765284606
41.92756466045038,117.37150166281631,0.03656933141260711,0.3942666862127292
43.10614062973336,265.0156979283409,0.03458751563262687,0.576422316146552
113.25600785422816,918.3170855816355,0.7571237182554231,0.20076308396304887
171.28338782579567,1173.5075234205497,0.900526835788652,0.2128503782681495
177.43470178286378,1189.8538499773433,1.1972742047764962,0.22183757460054465
167.18668532116538,1167.139187341258,0.05216328905454673,0.37599846484140687
292.1721301544232,1681.238587843436,1.1925443824707043,0.10112461995585764
77.39486094831973,607.0989165060582,1.0673748139471226,0.1887318944726156
152.98122026480718,1144.28182863052,0.8760412566220145,0.12202422082007358
160.14931334474193,1225.1939130454734,0.9372666326903858,0.12575523080185969
122.96593554925482,972.4251162949927,0.9766943829281691,0.21572820218101554
155.69011637433763,1187.3014740076783,0.9277854597504157,0.08802964220251333
66.98169967287318,320.1005309960724,1.1592234929675655,0.08321123052436875
237.37749029805914,1473.2303839543133,0.005228779276368466,0.46032543035902046
123.07470591990604,870.0435783993546,1.100453769677034,0.1728578642776302
331.4692259725292,1686.7961167308558,0.01841221851798862,0.6830731461777535
134.91314676156784,903.1391668684479,0.8179697882574454,3.6447132952950665
222.57149049247806,1394.1697622414306,0.002252250399478746,0.7105163683916358
162.92469891984942,1167.0319967012333,0.8798561601892384,0.12144838293205316
157.89882815539278,1176.821197005789,0.017579084591795247,0.6546033688029198
91.64384230142466,357.7261670819773,1.4165211304834657,0.19150333561739358
180.3626648408181,1187.8542739362936,0.9476432138303448,0.1919829644052904
139.75259281644384,1149.5560461489868,0.7603634474925228,0.12368118773042439
138.3287479979241,977.150179117829,1.055465215464508,3.6460108883897258
149.52941915542007,1096.898084738181,0.9777119153855605,0.0643054987684639
84.43572550766739,425.64074509565665,0.04635689874414166,0.6083352592861784
313.3900046061682,1684.6220670879245,0.011303435026760025,0.591851586495567
147.3562131246182,1014.9586071314309,0.9895494948349848,3.6437415719850597
240.28509550553386,1541.317132890441,1.47801435510595,0.2309225587660309
129.36017585994097,1022.0590310373941,0.9824317238422218,0.23207676654221276
198.19213326103048,1125.286972711238,0.07635924482987744,0.26490742797161476
86.75140791982933,765.7451120940254,0.05833253156649687,0.41995345503771386
118.2501764827921,1029.9169466994865,0.9715482033342189,0.10168807685407028
159.15606479340315,1157.5922564625703,0.057720163266311145,0.580643173193834
271.16834335553074,1576.7688095622032,1.1031632895897132,0.04463980054375938
172.21525989928378,1168.3117951920844,0.010512016968139089,7.515593039787354
292.8791420386006,1537.418994777919,0.00014401947111258688,0.44555852095135184
179.08946372330408,1272.9273881573038,0.05648440417251732,0.6699161918144696
239.4836833992823,1464.9080232982326,1.2515736806001447,0.19867790145068492
139.29302242505074,1065.0058439692223,1.4234628482429705,0.21925862476999927
331.3337501570563,1652.1238643349031,1.0202671284313618,0.21088068233911358
131.43490962972294,957.8187465351738,0.0016299286482782775,0.6136330049633797
114.59857112020455,840.8820630130434,0.7334395683015624,0.11167218370425898
92.08182889239674,507.52911063939143,1.0987890615116378,0.12429105488223602
292.64935248771593,1742.182529350487,0.004932634353491311,0.6080227897008854
209.16054149357416,1356.5885586983302,0.6752213770245051,0.09461962031498726
79.03046830173636,282.4336506997161,1.9994245922367824,0.21917635628972004
